順位,タイトル,巻数,発売日
880,龍とカメレオン 9巻 (デジタル版ガンガンコミックスJOKER),9,2026-06-22
3016,6年生なのに！ 1巻 (デジタル版ガンガンコミックスpixiv),1,2026-06-22
3542,寡黙だけどめちゃくちゃノリの良い黒猫ちゃん 2巻 (デジタル版ガンガンコミックスpixiv),2,2026-06-22
4949,犬田さん 3巻 (デジタル版ガンガンコミックスpixiv),3,2026-06-22
5924,憧れのメイドさんはタバコが似合う 4巻 (デジタル版ガンガンコミックスJOKER),4,2026-06-22
8102,近野智夏の腐じょうな日常(9) (ヤングキングコミックス),9,2026-06-22
8574,王たる股冠の輝きよ 2巻 (デジタル版ガンガンコミックスJOKER),2,2026-06-22
9341,ゼロかヒャクかの五十嵐くん２ (シルフコミックス),,2026-06-22
10808,ドラマティック・アイロニー13 (シルフコミックス),,2026-06-22
11356,罰 4巻 (ヤングキングコミックス),4,2026-06-22
11598,僕×スター(11) (ヤングキングコミックス),11,2026-06-22
16618,けっこう仮面 下,3,2026-06-22
21152,路傍のフジイ【単話】（６２） (ビッグコミックス),62,2026-06-22
44158,どちらかというと嫌いです (ダリアコミックス),,2026-06-22
69974,大賢者リドルの時間逆行【単話】（６５） (シードコミックス),65,2026-06-22
103815,禁欲シェアハウス(30) (コミックおじぎ),30,2026-06-22
127355,ニセ真面目女子はすみ～サイコパスは愛を知りたい～(26) (コミックなにとぞ),26,2026-06-22
144558,身代わり男装令嬢は氷血の騎士に甘く愛される(6) (コミック カーテシック),6,2026-06-22
190569,昔々、呪われた赤ずきんが双子の狼王子に寵愛されまして(6) (コミック カーテシック),6,2026-06-22
191758,愛にはどうぞ、花を添えて【単話】９ (natsumeコミック),,2026-06-22
220161,家庭内ハーレム(26) (コミックおじぎ),26,2026-06-22
—,週刊ビッグコミックスピリッツ 2026年30号【デジタル版限定グラビア増量｢宮部のぞみ」】（2026年6月22日発売号） [雑誌],,2026-06-22
—,スモーキング・サベージ 14 (14巻) (YKコミックス),14,2026-06-22
—,罰 4 (4巻) (YKコミックス),4,2026-06-22
—,おいしいね! わたしのホットケーキ (ぐる漫),,2026-06-22